Nclusters,Calinski-Harabasz Score,group
2,1193552.3486156345,PET
3,1206767.5348413968,PET
4,1181380.3839934506,PET
5,1121765.9589965437,PET
6,1056796.8670170703,PET
7,994501.557671284,PET
8,936299.6091577916,PET
9,879167.9847654323,PET
10,823800.4249267735,PET
