feature_name,-label=ALL,-label=test,-label=train,pvalue
PSA,52.40±154.97,71.81±228.91,44.08±108.46,0.45892660713266886
Age,70.36±7.39,71.08±7.82,70.05±7.19,0.1074175923542618
Gleason,,,,0.9343927057734958
6,66(16.50),22(18.33),44(15.71),
7,181(45.25),52(43.33),129(46.07),
8,81(20.25),26(21.67),55(19.64),
9,65(16.25),18(15.00),47(16.79),
10,7(1.75),2(1.67),5(1.79),
